{
  "mamba2-370m": {
    "D1_mqar": {
      "S1_erank": 4.96173537732102,
      "S5_renyi_rank": 1.7357504742685705,
      "S6_intrinsic_dim": 11.578377385206423,
      "S2_pred_entropy": 1.7789597511291504,
      "S2_bits_per_token": -3.6808252334594727,
      "S3_epiplexity_cum": 397.1050453186035,
      "S4_gt_bits": 558.0
    },
    "D2_natural_language": {
      "S1_erank": 4.2058916151678805,
      "S5_renyi_rank": 1.619687606425335,
      "S6_intrinsic_dim": -6.263453925874927,
      "S2_pred_entropy": 1.8818984031677246,
      "S2_bits_per_token": 0.9618725776672363,
      "S3_epiplexity_cum": 325.12833404541016,
      "S4_gt_bits": null
    },
    "D3_state_tracking": {
      "S1_erank": 3.7759447634841004,
      "S5_renyi_rank": 1.2487723450176418,
      "S6_intrinsic_dim": -8.804584836444477,
      "S2_pred_entropy": 0.031760215759277344,
      "S2_bits_per_token": -8.252052307128906,
      "S3_epiplexity_cum": 263.4961853027344,
      "S4_gt_bits": 0.0
    }
  },
  "gdn-340m": {
    "D1_mqar": {
      "S1_erank": 18.940982546905673,
      "S5_renyi_rank": 10.089368513474861,
      "S6_intrinsic_dim": 7446.538041403745,
      "S2_pred_entropy": 2.034224510192871,
      "S2_bits_per_token": -5.552391052246094,
      "S3_epiplexity_cum": 368.6945343017578,
      "S4_gt_bits": 558.0
    },
    "D2_natural_language": {
      "S1_erank": 16.77503518139323,
      "S5_renyi_rank": 9.255232812215885,
      "S6_intrinsic_dim": -25.767652340702966,
      "S2_pred_entropy": -3.5261332988739014,
      "S2_bits_per_token": -8.067092973738909,
      "S3_epiplexity_cum": 291.0203609466553,
      "S4_gt_bits": null
    },
    "D3_state_tracking": {
      "S1_erank": 17.003471034516892,
      "S5_renyi_rank": 8.75787606711189,
      "S6_intrinsic_dim": -1776.985486977479,
      "S2_pred_entropy": 2.151801109313965,
      "S2_bits_per_token": -10.38294506072998,
      "S3_epiplexity_cum": 379.8652629852295,
      "S4_gt_bits": 0.0
    }
  }
}