{
  "mamba2-370m": {
    "D1_mqar": {
      "S1_erank": 4.961733128797883,
      "S2_pred_entropy": 1.779073715209961,
      "S2_bits_per_token": -3.681471824645996,
      "S3_epiplexity_cum": 397.09005069732666,
      "S4_gt_bits": 558.0
    },
    "D2_natural_language": {
      "S1_erank": 4.205865054003274,
      "S2_pred_entropy": 1.88184654712677,
      "S2_bits_per_token": 0.9614377021789551,
      "S3_epiplexity_cum": 325.12883949279785,
      "S4_gt_bits": null
    },
    "D3_state_tracking": {
      "S1_erank": 3.7759626962554953,
      "S2_pred_entropy": 0.031253814697265625,
      "S2_bits_per_token": -8.250833511352539,
      "S3_epiplexity_cum": 263.5006523132324,
      "S4_gt_bits": 0.0
    }
  },
  "gdn-340m": {
    "D1_mqar": {
      "S1_erank": 18.940982546905673,
      "S2_pred_entropy": 2.034224510192871,
      "S2_bits_per_token": -5.552391052246094,
      "S3_epiplexity_cum": 368.6945343017578,
      "S4_gt_bits": 558.0
    },
    "D2_natural_language": {
      "S1_erank": 16.77503518139323,
      "S2_pred_entropy": -3.5261332988739014,
      "S2_bits_per_token": -8.067092973738909,
      "S3_epiplexity_cum": 291.0203609466553,
      "S4_gt_bits": null
    },
    "D3_state_tracking": {
      "S1_erank": 17.003471034516892,
      "S2_pred_entropy": 2.151801109313965,
      "S2_bits_per_token": -10.38294506072998,
      "S3_epiplexity_cum": 379.8652629852295,
      "S4_gt_bits": 0.0
    }
  }
}