{
  "mamba2-370m": {
    "D1_mqar": {
      "S1_erank": 6.991241595048147,
      "S2_pred_entropy": 7.3850767612457275,
      "S2_bits_per_token": 15.274316310882568,
      "S3_epiplexity_pt": 2.5619221329689026,
      "S4_gt_bits": 576.0
    },
    "D2_natural_language": {
      "S1_erank": 6.656353587498112,
      "S2_pred_entropy": 3.153684079647064,
      "S2_bits_per_token": 4.621045231819153,
      "S3_epiplexity_pt": 2.157628208398819,
      "S4_gt_bits": null
    },
    "D3_state_tracking": {
      "S1_erank": 6.124932698517417,
      "S2_pred_entropy": 7.567273020744324,
      "S2_bits_per_token": 15.381466150283813,
      "S3_epiplexity_pt": 1.9268955290317535,
      "S4_gt_bits": 5.906890595608519
    }
  },
  "gdn-340m": {
    "D1_mqar": {
      "S1_erank": 21.191751991212367,
      "S2_pred_entropy": 7.269382357597351,
      "S2_bits_per_token": 14.958596467971802,
      "S3_epiplexity_pt": 1.9003089368343353,
      "S4_gt_bits": 576.0
    },
    "D2_natural_language": {
      "S1_erank": 14.587784306332468,
      "S2_pred_entropy": 3.034000873565674,
      "S2_bits_per_token": 4.287781238555908,
      "S3_epiplexity_pt": 1.7398801445960999,
      "S4_gt_bits": null
    },
    "D3_state_tracking": {
      "S1_erank": 18.70203176457435,
      "S2_pred_entropy": 6.8463839292526245,
      "S2_bits_per_token": 15.706613540649414,
      "S3_epiplexity_pt": 1.6656626462936401,
      "S4_gt_bits": 5.906890595608519
    }
  }
}