{
  "mamba2-370m": {
    "D1_mqar": {
      "pos": [
        4,
        16,
        29,
        41,
        54,
        66,
        79,
        91,
        104,
        116,
        129,
        141,
        154,
        166,
        179,
        192
      ],
      "S1_erank": [
        2.1743028258594372,
        4.4423832479709136,
        5.2084172431689995,
        5.557666413641225,
        5.889083289463694,
        6.256649048766121,
        6.408896937578295,
        6.761339868884534,
        6.346181737414251,
        6.396675457168992,
        6.8840947201630724,
        6.654299310796584,
        6.626834564764674,
        6.911821980805446,
        6.990114817085366,
        7.136035954657321
      ],
      "S2_pred_entropy": [
        6.217126369476318,
        6.897289276123047,
        7.512572288513184,
        6.767998695373535,
        7.899949073791504,
        7.575944900512695,
        8.224796295166016,
        8.590438842773438,
        8.757412910461426,
        8.251492500305176,
        8.600464820861816,
        7.81169319152832,
        8.200204849243164,
        8.283924102783203,
        7.895875930786133,
        7.996200084686279
      ],
      "S2_bits_per_token": [
        15.918028831481934,
        19.60602569580078,
        14.44658088684082,
        14.83560562133789,
        13.981715202331543,
        20.101747512817383,
        14.665847778320312,
        13.478378295898438,
        15.484878540039062,
        9.143519401550293,
        10.355896949768066,
        12.49332332611084,
        13.52791976928711,
        19.8804931640625,
        7.5027666091918945,
        12.236557006835938
      ],
      "S3_epiplexity_cum": [
        15.70371150970459,
        92.26634979248047,
        141.18150329589844,
        158.41392517089844,
        182.08096313476562,
        218.30694580078125,
        234.88121032714844,
        267.8266906738281,
        285.3076171875,
        320.125244140625,
        332.4620666503906,
        355.9959411621094,
        364.48834228515625,
        375.97222900390625,
        398.57421875,
        412.79376220703125
      ],
      "S4_gt_bits": [
        18.0,
        72.0,
        126.0,
        180.0,
        243.0,
        297.0,
        351.0,
        405.0,
        468.0,
        522.0,
        576.0,
        576.0,
        576.0,
        576.0,
        576.0,
        576.0
      ]
    },
    "D2_natural_language": {
      "pos": [
        4,
        16,
        29,
        41,
        54,
        66,
        79,
        91,
        104,
        116,
        129,
        141,
        154,
        166,
        179,
        192
      ],
      "S1_erank": [
        2.2672583194604763,
        3.6696574610347548,
        4.976308726317559,
        5.347641273556898,
        5.8377550306419534,
        6.221631464470799,
        6.109994553650419,
        5.7665559848149615,
        6.4960903566485895,
        6.217818348280464,
        5.977796529730161,
        6.69194173013481,
        7.005202275312816,
        6.739430479938164,
        6.895547110354528,
        6.47312337346375
      ],
      "S2_pred_entropy": [
        1.6540685892105103,
        3.0349650382995605,
        3.4743072986602783,
        3.0765016078948975,
        5.018321990966797,
        2.5457229614257812,
        3.5729634761810303,
        1.2052112817764282,
        2.091945171356201,
        5.020674705505371,
        3.6642861366271973,
        2.8773350715637207,
        0.9065616130828857,
        4.6771440505981445,
        1.3561031818389893,
        3.5359151363372803
      ],
      "S2_bits_per_token": [
        5.408195495605469,
        0.9853721857070923,
        3.7318081855773926,
        2.9409847259521484,
        2.3026509284973145,
        1.9060806035995483,
        2.1127359867095947,
        2.7984559535980225,
        2.059877872467041,
        6.300338268280029,
        10.342080116271973,
        1.2511869668960571,
        0.2063562273979187,
        3.650932550430298,
        0.8454850912094116,
        6.369633197784424
      ],
      "S3_epiplexity_cum": [
        20.151464462280273,
        42.36103057861328,
        78.62306213378906,
        84.4061050415039,
        113.43036651611328,
        114.142578125,
        125.06668853759766,
        132.19146728515625,
        158.46388244628906,
        188.201416015625,
        200.01600646972656,
        242.73402404785156,
        269.2543029785156,
        276.1556701660156,
        309.755615234375,
        345.2803039550781
      ],
      "S4_gt_bits": [
        NaN,
        NaN,
        NaN,
        NaN,
        NaN,
        NaN,
        NaN,
        NaN,
        NaN,
        NaN,
        NaN,
        NaN,
        NaN,
        NaN,
        NaN,
        NaN
      ]
    },
    "D3_state_tracking": {
      "pos": [
        4,
        16,
        29,
        41,
        54,
        66,
        79,
        91,
        104,
        116,
        129,
        141,
        154,
        166,
        179,
        192
      ],
      "S1_erank": [
        2.198844057197372,
        4.060573489405215,
        5.106845929908256,
        5.644142147076006,
        5.67607365657265,
        5.987896092624093,
        6.108084584896763,
        6.209104039318238,
        6.419634522249301,
        6.220569402600328,
        6.088828858764221,
        6.115692623347665,
        6.01813835115172,
        5.903676470508799,
        6.104293749667704,
        5.974806753452867
      ],
      "S2_pred_entropy": [
        7.254453659057617,
        7.666457653045654,
        8.35648250579834,
        8.155470848083496,
        8.211952209472656,
        6.854169845581055,
        7.926376819610596,
        7.500085830688477,
        8.699464797973633,
        8.290946006774902,
        8.349743843078613,
        8.42326831817627,
        8.385269165039062,
        8.241847038269043,
        8.238475799560547,
        7.285707473754883
      ],
      "S2_bits_per_token": [
        25.998729705810547,
        15.468564987182617,
        10.700664520263672,
        9.523530006408691,
        13.526498794555664,
        18.3908634185791,
        15.469987869262695,
        16.418481826782227,
        12.602457046508789,
        12.758649826049805,
        13.820159912109375,
        11.775495529174805,
        16.229745864868164,
        21.46327018737793,
        14.66894245147705,
        17.747896194458008
      ],
      "S3_epiplexity_cum": [
        28.118274688720703,
        53.46873092651367,
        73.51495361328125,
        91.35734558105469,
        122.43856048583984,
        133.37149047851562,
        146.0996551513672,
        157.5456085205078,
        182.96083068847656,
        190.0303955078125,
        209.32427978515625,
        218.49778747558594,
        230.62774658203125,
        258.0227966308594,
        274.9112854003906,
        291.6189270019531
      ],
      "S4_gt_bits": [
        5.906890595608519,
        5.906890595608519,
        5.906890595608519,
        5.906890595608519,
        5.906890595608519,
        5.906890595608519,
        5.906890595608519,
        5.906890595608519,
        5.906890595608519,
        5.906890595608519,
        5.906890595608519,
        5.906890595608519,
        5.906890595608519,
        5.906890595608519,
        5.906890595608519,
        5.906890595608519
      ]
    }
  },
  "gdn-340m": {
    "D1_mqar": {
      "pos": [
        4,
        16,
        29,
        41,
        54,
        66,
        79,
        91,
        104,
        116,
        129,
        141,
        154,
        166,
        179,
        192
      ],