{
  "n_seeds": 10,
  "density_levels": [
    0.1,
    0.2,
    0.35,
    0.6,
    1.0
  ],
  "spearman": {
    "erank_mean_chunk": {
      "rho_median": 0.7344558827504855,
      "rho_ci95": [
        0.5287517913776343,
        0.8643041659943738
      ]
    },
    "epi_mean_chunk": {
      "rho_median": 0.9384888892501098,
      "rho_ci95": [
        0.8920640786901031,
        0.959987060967671
      ]
    }
  }
}