{
  "meta": {
    "name": "D2_structure",
    "note": "형식고정/내용변화 (dense GT)"
  },
  "T": 512,
  "stride": 8,
  "tolerance_w": 16,
  "gt": [
    9,
    16,
    23,
    30,
    38,
    45,
    55,
    63,
    71,
    79,
    87,
    95,
    102,
    111,
    122,
    132,
    141,
    151,
    160,
    170,
    177,
    186,
    194,
    201,
    209,
    217,
    224,
    233,
    243,
    252,
    260,
    269,
    279,
    289,
    297,
    307,
    317,
    327,
    334,
    346,
    355,
    364,
    374,
    383,
    391,
    398,
    407,
    415,
    426,
    435,
    443,
    452,
    463,
    475,
    484,
    493,
    504
  ],
  "grid": [
    8,
    16,
    24,
    32,
    40,
    48,
    56,
    64,
    72,
    80,
    88,
    96,
    104,
    112,
    120,
    128,
    136,
    144,
    152,
    160,
    168,
    176,
    184,
    192,
    200,
    208,
    216,
    224,
    232,
    240,
    248,
    256,
    264,
    272,
    280,
    288,
    296,
    304,
    312,
    320,
    328,
    336,
    344,
    352,
    360,
    368,
    376,
    384,
    392,
    400,
    408,
    416,
    424,
    432,
    440,
    448,
    456,
    464,
    472,
    480,
    488,
    496,
    504,
    512
  ],
  "methods": {
    "fixed": {
      "f1": 1.0,
      "prec": 1.0,
      "rec": 1.0,
      "n_pred": 57,
      "null_f1": 0.9883806216213127,
      "z": 0.9178576938793628,
      "p_ge": 0.374,
      "B": [
        9,
        18,
        26,
        35,
        44,
        53,
        62,
        71,
        79,
        88,
        97,
        106,
        115,
        124,
        132,
        141,
        150,
        159,
        168,
        177,
        185,
        194,
        203,
        212,
        221,
        230,
        238,
        247,
        256,
        265,
        274,
        282,
        291,
        300,
        309,
        318,
        327,
        335,
        344,
        353,
        362,
        371,
        380,
        388,
        397,
        406,
        415,
        424,
        433,
        441,
        450,
        459,
        468,
        477,
        486,
        494,
        503
      ]
    },
    "log": {
      "f1": 0.45945945945945943,
      "prec": 1.0,
      "rec": 0.2982456140350877,
      "n_pred": 9,
      "null_f1": 0.6182740943862183,
      "z": -2.993894404793128,
      "p_ge": 0.998,
      "B": [
        1,
        2,
        4,
        8,
        16,
        32,
        64,
        128,
        256
      ]
    },
    "DLA_frobenius": {
      "f1": 1.0,
      "prec": 1.0,
      "rec": 1.0,
      "n_pred": 28,
      "null_f1": 0.913884308659864,
      "z": 2.6082708436239828,
      "p_ge": 0.0,
      "B": [
        16,
        32,
        56,
        72,
        88,
        104,
        120,
        136,
        152,
        168,
        184,
        200,
        224,
        240,
        264,
        288,
        312,
        328,
        344,
        368,
        384,
        408,
        424,
        440,
        456,
        472,
        488,
        512
      ],
      "natural_count": 2
    },
    "surprisal": {
      "f1": 1.0,
      "prec": 1.0,
      "rec": 1.0,
      "n_pred": 26,
      "null_f1": 0.9007232098686541,
      "z": 2.812654930842489,
      "p_ge": 0.0,
      "B": [
        16,
        32,
        48,
        72,
        96,
        112,
        128,
        144,
        168,
        192,
        208,
        232,
        256,
        272,
        296,
        312,
        336,
        352,
        368,
        392,
        416,
        432,
        456,
        480,
        496,
        512
      ],
      "natural_count": 2
    },
    "epiplexity": {
      "f1": 1.0,
      "prec": 1.0,
      "rec": 1.0,
      "n_pred": 26,
      "null_f1": 0.9007232098686541,
      "z": 2.812654930842489,
      "p_ge": 0.0,
      "B": [
        16,
        32,
        48,
        72,
        96,
        112,
        128,
        144,
        168,
        192,
        208,
        232,
        256,
        272,
        296,
        312,
        336,
        352,
        368,
        392,
        416,
        432,
        456,
        480,
        496,
        512
      ],
      "natural_count": 2
    },
    "erank": {
      "f1": 1.0,
      "prec": 1.0,
      "rec": 1.0,
      "n_pred": 28,
      "null_f1": 0.913884308659864,
      "z": 2.6082708436239828,
      "p_ge": 0.0,
      "B": [
        16,
        40,
        56,
        80,
        104,
        120,
        136,
        152,
        168,
        184,
        200,
        216,
        232,
        248,
        264,
        288,
        304,
        320,
        344,
        360,
        376,
        400,
        424,
        440,
        456,
        472,
        496,
        512
      ],
      "natural_count": 5
    },
    "state_entropy": {
      "f1": 1.0,
      "prec": 1.0,
      "rec": 1.0,
      "n_pred": 28,
      "null_f1": 0.913884308659864,
      "z": 2.6082708436239828,
      "p_ge": 0.0,
      "B": [
        16,
        32,
        56,
        72,
        88,
        104,
        120,
        136,
        152,
        168,
        184,
        200,
        224,
        240,
        264,
        280,
        304,
        328,
        344,
        360,
        376,
        400,
        424,
        440,
        456,
        472,
        496,
        512
      ],
      "natural_count": 7
    },
    "nuclear": {
      "f1": 1.0,
      "prec": 1.0,
      "rec": 1.0,
      "n_pred": 28,
      "null_f1": 0.913884308659864,
      "z": 2.6082708436239828,
      "p_ge": 0.0,
      "B": [
        16,
        32,
        48,
        64,
        80,
        96,
        120,
        136,
        152,
        168,
        184,
        200,
        216,
        240,
        264,
        288,
        304,
        320,
        344,
        360,
        376,
        400,
        424,
        440,
        456,
        472,
        496,
        512
      ],
      "natural_count": 7
    },
    "participation": {
      "f1": 1.0,
      "prec": 1.0,
      "rec": 1.0,
      "n_pred": 29,
      "null_f1": 0.9194355209862975,
      "z": 2.4725809882668375,
      "p_ge": 0.001,
      "B": [
        16,
        32,
        48,
        64,
        80,
        104,
        120,
        136,
        152,
        168,
        184,
        200,
        216,
        232,
        248,
        264,
        288,
        304,
        320,
        344,
        360,
        376,
        400,
        424,
        440,
        456,
        472,
        496,
        512
      ],
      "natural_count": 5
    },
    "numrank": {
      "f1": 1.0,
      "prec": 1.0,
      "rec": 1.0,
      "n_pred": 30,
      "null_f1": 0.9255585849582603,
      "z": 2.374033935415252,
      "p_ge": 0.002,
      "B": [
        16,
        32,
        56,
        72,
        88,
        104,
        120,
        136,
        152,
        168,
        184,
        200,
        216,
        232,
        248,
        264,
        280,
        296,
        312,
        328,
        344,
        368,
        384,
        400,
        424,
        440,
        456,
        472,
        496,
        512
      ],
      "natural_count": 5
    }
  }
}