{
  "meta": {
    "name": "D3_topic",
    "note": "Math|Music|Code 전환"
  },
  "T": 483,
  "stride": 8,
  "tolerance_w": 16,
  "gt": [
    177,
    345
  ],
  "grid": [
    8,
    16,
    24,
    32,
    40,
    48,
    56,
    64,
    72,
    80,
    88,
    96,
    104,
    112,
    120,
    128,
    136,
    144,
    152,
    160,
    168,
    176,
    184,
    192,
    200,
    208,
    216,
    224,
    232,
    240,
    248,
    256,
    264,
    272,
    280,
    288,
    296,
    304,
    312,
    320,
    328,
    336,
    344,
    352,
    360,
    368,
    376,
    384,
    392,
    400,
    408,
    416,
    424,
    432,
    440,
    448,
    456,
    464,
    472,
    480,
    483
  ],
  "methods": {
    "fixed": {
      "f1": 0.5,
      "prec": 0.5,
      "rec": 0.5,
      "n_pred": 2,
      "null_f1": 0.12933333333333333,
      "z": 1.6203715193888342,
      "p_ge": 0.249,
      "B": [
        161,
        322
      ]
    },
    "log": {
      "f1": 0.6666666666666666,
      "prec": 1.0,
      "rec": 0.5,
      "n_pred": 1,
      "null_f1": 0.08866666666666666,
      "z": 2.55319337625902,
      "p_ge": 0.133,
      "B": [
        161
      ]
    },
    "DLA_frobenius": {
      "f1": 0.0,
      "prec": 0.0,
      "rec": 0.0,
      "n_pred": 2,
      "null_f1": 0.12933333333333333,
      "z": -0.5653814294270392,
      "p_ge": 1.0,
      "B": [
        16,
        32
      ],
      "natural_count": 4
    },
    "surprisal": {
      "f1": 0.5,
      "prec": 0.5,
      "rec": 0.5,
      "n_pred": 2,
      "null_f1": 0.12933333333333333,
      "z": 1.6203715193888342,
      "p_ge": 0.249,
      "B": [
        184,
        480
      ],
      "natural_count": 5
    },
    "epiplexity": {
      "f1": 0.5,
      "prec": 0.5,
      "rec": 0.5,
      "n_pred": 2,
      "null_f1": 0.12933333333333333,
      "z": 1.6203715193888342,
      "p_ge": 0.249,
      "B": [
        184,
        480
      ],
      "natural_count": 4
    },
    "erank": {
      "f1": 0.0,
      "prec": 0.0,
      "rec": 0.0,
      "n_pred": 2,
      "null_f1": 0.12933333333333333,
      "z": -0.5653814294270392,
      "p_ge": 1.0,
      "B": [
        16,
        384
      ],
      "natural_count": 5
    },
    "state_entropy": {
      "f1": 0.0,
      "prec": 0.0,
      "rec": 0.0,
      "n_pred": 2,
      "null_f1": 0.12933333333333333,
      "z": -0.5653814294270392,
      "p_ge": 1.0,
      "B": [
        120,
        136
      ],
      "natural_count": 7
    },
    "nuclear": {
      "f1": 0.0,
      "prec": 0.0,
      "rec": 0.0,
      "n_pred": 2,
      "null_f1": 0.12933333333333333,
      "z": -0.5653814294270392,
      "p_ge": 1.0,
      "B": [
        16,
        240
      ],
      "natural_count": 4
    },
    "participation": {
      "f1": 0.0,
      "prec": 0.0,
      "rec": 0.0,
      "n_pred": 2,
      "null_f1": 0.12933333333333333,
      "z": -0.5653814294270392,
      "p_ge": 1.0,
      "B": [
        16,
        384
      ],
      "natural_count": 4
    },
    "numrank": {
      "f1": 0.5,
      "prec": 0.5,
      "rec": 0.5,
      "n_pred": 2,
      "null_f1": 0.12933333333333333,
      "z": 1.6203715193888342,
      "p_ge": 0.249,
      "B": [
        16,
        352
      ],
      "natural_count": 5
    }
  }
}