{
  "meta": {
    "name": "D3_topic",
    "note": "Math|Music|Code 전환"
  },
  "T": 483,
  "stride": 8,
  "tolerance_w": 16,
  "gt": [
    177,
    345
  ],
  "grid": [
    8,
    16,
    24,
    32,
    40,
    48,
    56,
    64,
    72,
    80,
    88,
    96,
    104,
    112,
    120,
    128,
    136,
    144,
    152,
    160,
    168,
    176,
    184,
    192,
    200,
    208,
    216,
    224,
    232,
    240,
    248,
    256,
    264,
    272,
    280,
    288,
    296,
    304,
    312,
    320,
    328,
    336,
    344,
    352,
    360,
    368,
    376,
    384,
    392,
    400,
    408,
    416,
    424,
    432,
    440,
    448,
    456,
    464,
    472,
    480,
    483
  ],
  "methods": {
    "fixed": {
      "f1": 0.5,
      "prec": 0.5,
      "rec": 0.5,
      "n_pred": 2,
      "null_f1": 0.12933333333333333,
      "z": 1.6203715193888342,
      "p_ge": 0.249,
      "B": [
        161,
        322
      ]
    },
    "log": {
      "f1": 0.6666666666666666,
      "prec": 1.0,
      "rec": 0.5,
      "n_pred": 1,
      "null_f1": 0.08866666666666666,
      "z": 2.55319337625902,
      "p_ge": 0.133,
      "B": [
        161
      ]
    },
    "DLA_frobenius": {
      "f1": 0.0,
      "prec": 0.0,
      "rec": 0.0,
      "n_pred": 2,
      "null_f1": 0.12933333333333333,
      "z": -0.5653814294270392,
      "p_ge": 1.0,
      "B": [
        16,
        32
      ],
      "natural_count": 4
    },
    "surprisal": {
      "f1": 0.5,
      "prec": 0.5,
      "rec": 0.5,
      "n_pred": 2,
      "null_f1": 0.12933333333333333,
      "z": 1.6203715193888342,
      "p_ge": 0.249,
      "B": [
        184,
        480
      ],
      "natural_count": 5
    },
    "epiplexity": {
      "f1": 0.5,
      "prec": 0.5,
      "rec": 0.5,
      "n_pred": 2,
      "null_f1": 0.12933333333333333,
      "z": 1.6203715193888342,
      "p_ge": 0.249,
      "B": [
        184,
        480
      ],
      "natural_count": 4
    },
    "erank": {
      "f1": 0.0,
      "prec": 0.0,
      "rec": 0.0,
      "n_pred": 2,
      "null_f1": 0.12933333333333333,
      "z": -0.5653814294270392,
      "p_ge": 1.0,
      "B": [
        16,
        384
      ],
      "natural_count": 5
    },
    "state_entropy": {
      "f1": 0.0,
      "prec": 0.0,
      "rec": 0.0,
      "n_pred": 2,
      "null_f1": 0.12933333333333333,
      "z": -0.5653814294270392,
      "p_ge": 1.0,
      "B": [
        120,
        136
      ],
      "natural_count": 7
    },
    "nuclear": {
      "f1": 0.0,
      "prec": 0.0,
      "rec": 0.0,
      "n_pred": 2,
      "null_f1": 0.12933333333333333,
      "z": -0.5653814294270392,
      "p_ge": 1.0,
      "B": [
        16,
        240
      ],
      "natural_count": 4
    },
    "participation": {
      "f1": 0.0,
      "prec": 0.0,
      "rec": 0.0,
      "n_pred": 2,
      "null_f1": 0.12933333333333333,
      "z": -0.5653814294270392,
      "p_ge": 1.0,
      "B": [
        16,
        384
      ],
      "natural_count": 4
    },
    "numrank": {
      "f1": 0.5,
      "prec": 0.5,
      "rec": 0.5,
      "n_pred": 2,
      "null_f1": 0.12933333333333333,
      "z": 1.6203715193888342,
      "p_ge": 0.249,
      "B": [
        16,
        352
      ],
      "natural_count": 5
    }
  },
  "signals": {
    "DLA_frobenius": {
      "kind": "change",
      "values": [
        null,
        0.8696976626510595,
        0.6838187839823882,
        0.7283365703709042,
        0.602846461153623,
        0.5625363960621689,
        0.7005263500571814,
        0.551820903442678,
        0.5363239772009247,
        0.5755971464519645,
        0.5215590436962008,
        0.472417212612599,
        0.4922047333418546,
        0.5663735249879983,
        0.4961022602257113,
        0.49260142293379783,
        0.5142380746401838,
        0.511300850931022,
        0.4786628922738193,
        0.5708996064380374,
        0.49908160496064424,
        0.4603471771285684,
        0.5118372859527435,
        0.5109305299896926,
        0.4624150741932453,
        0.5532549778446358,
        0.44262248255186265,
        0.46622325154057753,
        0.4158032961336709,
        0.531960970918261,
        0.454323470991951,
        0.44977001897914987,
        0.46165896834077086,
        0.4238386621217003,
        0.527916879998459,
        0.432142747094851,
        0.47393459769367974,
        0.5254739145929773,
        0.47208378900157305,
        0.5245267508661515,
        0.4283102657935938,
        0.42049437479817525,
        0.3869141913152974,
        0.5720994191176133,
        0.4788574882600451,
        0.40219772304459334,
        0.4491056348548151,
        0.5764695860724379,
        0.4797965837729373,
        0.4638563741626481,
        0.44005170301973845,
        0.5070348323559479,
        0.45059953604993125,
        0.4520092584033536,
        0.5287510868665677,
        0.4416912066003459,
        0.49099082433222324,
        0.4164440272220021,
        0.4523795814859394,
        0.5108799024592389,
        0.3648377457934679
      ]
    },
    "surprisal": {
      "kind": "change",
      "values": [
        null,
        1.2745506763458252,
        0.6964408159255981,
        1.6305737495422363,
        0.9808313846588135,
        0.5354567170143127,
        3.8929662704467773,
        1.416393518447876,
        1.8202921152114868,
        5.891991138458252,
        2.7591753005981445,
        2.053658962249756,
        3.4525275230407715,
        4.19068717956543,
        3.7078869342803955,
        4.234745025634766,
        2.764338970184326,
        2.510984182357788,
        4.682559013366699,
        2.9935245513916016,
        1.7190147638320923,
        2.471102237701416,
        7.493424415588379,
        4.013252258300781,
        3.9446280002593994,
        3.880420446395874,
        2.847107172012329,
        3.744847297668457,
        2.8152806758880615,
        2.8667595386505127,
        1.778159499168396,
        3.9199154376983643,
        2.0625009536743164,
        3.5018088817596436,
        4.303419589996338,
        2.382127046585083,
        3.189451217651367,
        2.9903957843780518,
        4.0085554122924805,
        5.728621959686279,
        1.8279626369476318,
        2.3397533893585205,
        3.9631600379943848,
        4.521879196166992,
        2.9405548572540283,
        2.157825469970703,
        5.460383415222168,
        4.764714241027832,
        4.224363327026367,
        5.478619575500488,
        6.069648742675781,
        4.732034683227539,
        2.746877908706665,
        3.3673505783081055,
        3.4516749382019043,
        4.123823165893555,
        3.580339193344116,
        3.9955546855926514,
        4.1764140129089355,
        7.63231086730957,
        1.1244193315505981
      ]
    },
    "epiplexity": {
      "kind": "change",