{
  "meta": {
    "name": "D4_language",
    "note": "내용고정/언어전환 En|Zh|Ko"
  },
  "T": 475,
  "stride": 8,
  "tolerance_w": 16,
  "gt": [
    156,
    316
  ],
  "grid": [
    8,
    16,
    24,
    32,
    40,
    48,
    56,
    64,
    72,
    80,
    88,
    96,
    104,
    112,
    120,
    128,
    136,
    144,
    152,
    160,
    168,
    176,
    184,
    192,
    200,
    208,
    216,
    224,
    232,
    240,
    248,
    256,
    264,
    272,
    280,
    288,
    296,
    304,
    312,
    320,
    328,
    336,
    344,
    352,
    360,
    368,
    376,
    384,
    392,
    400,
    408,
    416,
    424,
    432,
    440,
    448,
    456,
    464,
    472,
    475
  ],
  "methods": {
    "fixed": {
      "f1": 1.0,
      "prec": 1.0,
      "rec": 1.0,
      "n_pred": 2,
      "null_f1": 0.12799999999999997,
      "z": 3.795515787122839,
      "p_ge": 0.009,
      "B": [
        158,
        317
      ]
    },
    "log": {
      "f1": 0.6666666666666666,
      "prec": 1.0,
      "rec": 0.5,
      "n_pred": 1,
      "null_f1": 0.09133333333333331,
      "z": 2.5098345609609223,
      "p_ge": 0.137,
      "B": [
        158
      ]
    },
    "DLA_frobenius": {
      "f1": 0.0,
      "prec": 0.0,
      "rec": 0.0,
      "n_pred": 2,
      "null_f1": 0.12799999999999997,
      "z": -0.5571399320547286,
      "p_ge": 1.0,
      "B": [
        16,
        40
      ],
      "natural_count": 5
    },
    "surprisal": {
      "f1": 0.5,
      "prec": 0.5,
      "rec": 0.5,
      "n_pred": 2,
      "null_f1": 0.12799999999999997,
      "z": 1.619187927534055,
      "p_ge": 0.245,
      "B": [
        320,
        352
      ],
      "natural_count": 3
    },
    "epiplexity": {
      "f1": 1.0,
      "prec": 1.0,
      "rec": 1.0,
      "n_pred": 2,
      "null_f1": 0.12799999999999997,
      "z": 3.795515787122839,
      "p_ge": 0.009,
      "B": [
        160,
        320
      ],
      "natural_count": 4
    },
    "erank": {
      "f1": 0.0,
      "prec": 0.0,
      "rec": 0.0,
      "n_pred": 2,
      "null_f1": 0.12799999999999997,
      "z": -0.5571399320547286,
      "p_ge": 1.0,
      "B": [
        16,
        208
      ],
      "natural_count": 6
    },
    "state_entropy": {
      "f1": 0.0,
      "prec": 0.0,
      "rec": 0.0,
      "n_pred": 2,
      "null_f1": 0.12799999999999997,
      "z": -0.5571399320547286,
      "p_ge": 1.0,
      "B": [
        128,
        448
      ],
      "natural_count": 7
    },
    "nuclear": {
      "f1": 0.0,
      "prec": 0.0,
      "rec": 0.0,
      "n_pred": 2,
      "null_f1": 0.12799999999999997,
      "z": -0.5571399320547286,
      "p_ge": 1.0,
      "B": [
        16,
        40
      ],
      "natural_count": 5
    },
    "participation": {
      "f1": 0.0,
      "prec": 0.0,
      "rec": 0.0,
      "n_pred": 2,
      "null_f1": 0.12799999999999997,
      "z": -0.5571399320547286,
      "p_ge": 1.0,
      "B": [
        16,
        208
      ],
      "natural_count": 3
    },
    "numrank": {
      "f1": 0.0,
      "prec": 0.0,
      "rec": 0.0,
      "n_pred": 2,
      "null_f1": 0.12799999999999997,
      "z": -0.5571399320547286,
      "p_ge": 1.0,
      "B": [
        16,
        392
      ],
      "natural_count": 7
    }
  }
}