{
  "meta": {
    "name": "D4_language",
    "note": "내용고정/언어전환 En|Zh|Ko"
  },
  "T": 475,
  "stride": 8,
  "tolerance_w": 16,
  "gt": [
    156,
    316
  ],
  "grid": [
    8,
    16,
    24,
    32,
    40,
    48,
    56,
    64,
    72,
    80,
    88,
    96,
    104,
    112,
    120,
    128,
    136,
    144,
    152,
    160,
    168,
    176,
    184,
    192,
    200,
    208,
    216,
    224,
    232,
    240,
    248,
    256,
    264,
    272,
    280,
    288,
    296,
    304,
    312,
    320,
    328,
    336,
    344,
    352,
    360,
    368,
    376,
    384,
    392,
    400,
    408,
    416,
    424,
    432,
    440,
    448,
    456,
    464,
    472,
    475
  ],
  "methods": {
    "fixed": {
      "f1": 1.0,
      "prec": 1.0,
      "rec": 1.0,
      "n_pred": 2,
      "null_f1": 0.12799999999999997,
      "z": 3.795515787122839,
      "p_ge": 0.009,
      "B": [
        158,
        317
      ]
    },
    "log": {
      "f1": 0.6666666666666666,
      "prec": 1.0,
      "rec": 0.5,
      "n_pred": 1,
      "null_f1": 0.09133333333333331,
      "z": 2.5098345609609223,
      "p_ge": 0.137,
      "B": [
        158
      ]
    },
    "DLA_frobenius": {
      "f1": 0.0,
      "prec": 0.0,
      "rec": 0.0,
      "n_pred": 2,
      "null_f1": 0.12799999999999997,
      "z": -0.5571399320547286,
      "p_ge": 1.0,
      "B": [
        16,
        40
      ],
      "natural_count": 5
    },
    "surprisal": {
      "f1": 0.5,
      "prec": 0.5,
      "rec": 0.5,
      "n_pred": 2,
      "null_f1": 0.12799999999999997,
      "z": 1.619187927534055,
      "p_ge": 0.245,
      "B": [
        320,
        352
      ],
      "natural_count": 3
    },
    "epiplexity": {
      "f1": 1.0,
      "prec": 1.0,
      "rec": 1.0,
      "n_pred": 2,
      "null_f1": 0.12799999999999997,
      "z": 3.795515787122839,
      "p_ge": 0.009,
      "B": [
        160,
        320
      ],
      "natural_count": 4
    },
    "erank": {
      "f1": 0.0,
      "prec": 0.0,
      "rec": 0.0,
      "n_pred": 2,
      "null_f1": 0.12799999999999997,
      "z": -0.5571399320547286,
      "p_ge": 1.0,
      "B": [
        16,
        208
      ],
      "natural_count": 6
    },
    "state_entropy": {
      "f1": 0.0,
      "prec": 0.0,
      "rec": 0.0,
      "n_pred": 2,
      "null_f1": 0.12799999999999997,
      "z": -0.5571399320547286,
      "p_ge": 1.0,
      "B": [
        128,
        448
      ],
      "natural_count": 7
    },
    "nuclear": {
      "f1": 0.0,
      "prec": 0.0,
      "rec": 0.0,
      "n_pred": 2,
      "null_f1": 0.12799999999999997,
      "z": -0.5571399320547286,
      "p_ge": 1.0,
      "B": [
        16,
        40
      ],
      "natural_count": 5
    },
    "participation": {
      "f1": 0.0,
      "prec": 0.0,
      "rec": 0.0,
      "n_pred": 2,
      "null_f1": 0.12799999999999997,
      "z": -0.5571399320547286,
      "p_ge": 1.0,
      "B": [
        16,
        208
      ],
      "natural_count": 3
    },
    "numrank": {
      "f1": 0.0,
      "prec": 0.0,
      "rec": 0.0,
      "n_pred": 2,
      "null_f1": 0.12799999999999997,
      "z": -0.5571399320547286,
      "p_ge": 1.0,
      "B": [
        16,
        392
      ],
      "natural_count": 7
    }
  },
  "signals": {
    "DLA_frobenius": {
      "kind": "change",
      "values": [
        null,
        0.8543912247906779,
        0.5821597139172873,
        0.6543627078622083,
        0.6559525145849197,
        0.6333848844024912,
        0.5737883771860233,
        0.5934967953960826,
        0.5640786453860934,
        0.5938470758594606,
        0.5637560045215526,
        0.45378976518694747,
        0.4924751409377152,
        0.48781367045449014,
        0.5168815808435009,
        0.508726904923751,
        0.4894982901895404,
        0.5024257446040026,
        0.46241765897403264,
        0.6402338033150955,
        0.49288185791198447,
        0.44907461292571993,
        0.3868773821714178,
        0.3837074023339373,
        0.38721348973474856,
        0.5031077982530919,
        0.45902166413709755,
        0.43262361919654957,
        0.3693206366303725,
        0.37601620964774607,
        0.40865122993277075,
        0.4161646157849378,
        0.37997067322860717,
        0.4447062118365163,
        0.4125521963757923,
        0.4130042698596449,
        0.4186923199479257,
        0.3574906093473856,
        0.43608424611150676,
        0.40693359469257445,
        0.40845112553137725,
        0.38876185000027286,
        0.33197324834293895,
        0.33688297634235825,
        0.3278463629922287,
        0.3706963122797795,
        0.36423039700940957,
        0.3363238601097428,
        0.3410454662799352,
        0.4136076506643603,
        0.383983056344494,
        0.35789025640111094,
        0.35375542698179263,
        0.35086962999869314,
        0.3696569948718373,
        0.4198577241581388,
        0.38264671381586507,
        0.3612226862516976,
        0.3413542971845271,
        0.30106476124642506
      ]
    },
    "surprisal": {
      "kind": "change",
      "values": [
        null,
        1.6401516199111938,
        0.34132492542266846,
        1.138241171836853,
        0.8550297021865845,
        1.8178062438964844,
        0.9972192049026489,
        1.9351779222488403,
        2.542785167694092,
        1.7162047624588013,
        1.5108211040496826,
        1.6122990846633911,
        2.398287296295166,
        3.241337776184082,
        1.0784211158752441,
        3.8984556198120117,
        1.5358576774597168,
        1.3474470376968384,
        2.018585443496704,
        5.32605504989624,
        3.0387625694274902,
        4.4645843505859375,
        1.637505292892456,
        3.1500067710876465,
        2.2813093662261963,
        2.2766482830047607,
        1.9212640523910522,
        4.461727142333984,
        3.352327346801758,
        2.5607950687408447,
        3.6856584548950195,
        3.974471092224121,
        4.656512260437012,
        1.2168309688568115,
        4.852445602416992,
        2.7255847454071045,
        4.500002384185791,
        0.4239335358142853,
        3.2809360027313232,
        7.175202369689941,
        4.801487922668457,
        3.287658214569092,
        3.6724445819854736,
        5.369568824768066,
        4.93520450592041,
        4.790637016296387,
        5.114648342132568,
        4.130762100219727,
        2.9002492427825928,
        2.9058761596679688,
        3.8953487873077393,
        3.0049567222595215,
        3.9297850131988525,
        3.183558940887451,
        3.4369049072265625,
        3.2286038398742676,
        3.9928929805755615,
        3.271103620529175,
        2.277435302734375,
        2.686878204345703
      ]
    },
    "epiplexity": {
      "kind": "change",