{
  "meta": {
    "name": "D5_mqar_N160",
    "note": "부하 sweep, GT=질의시작"
  },
  "T": 480,
  "stride": 8,
  "tolerance_w": 16,
  "gt": [
    320
  ],
  "grid": [
    8,
    16,
    24,
    32,
    40,
    48,
    56,
    64,
    72,
    80,
    88,
    96,
    104,
    112,
    120,
    128,
    136,
    144,
    152,
    160,
    168,
    176,
    184,
    192,
    200,
    208,
    216,
    224,
    232,
    240,
    248,
    256,
    264,
    272,
    280,
    288,
    296,
    304,
    312,
    320,
    328,
    336,
    344,
    352,
    360,
    368,
    376,
    384,
    392,
    400,
    408,
    416,
    424,
    432,
    440,
    448,
    456,
    464,
    472,
    480
  ],
  "methods": {
    "fixed": {
      "f1": 0.0,
      "prec": 0.0,
      "rec": 0.0,
      "n_pred": 1,
      "null_f1": 0.068,
      "z": -0.2701136197864308,
      "p_ge": 1.0,
      "B": [
        240
      ]
    },
    "log": {
      "f1": 0.0,
      "prec": 0.0,
      "rec": 0.0,
      "n_pred": 0,
      "null_f1": 0.0,
      "z": 0.0,
      "p_ge": 1.0,
      "B": []
    },
    "DLA_frobenius": {
      "f1": 0.0,
      "prec": 0.0,
      "rec": 0.0,
      "n_pred": 1,
      "null_f1": 0.068,
      "z": -0.2701136197864308,
      "p_ge": 1.0,
      "B": [
        16
      ],
      "natural_count": 5
    },
    "surprisal": {
      "f1": 0.0,
      "prec": 0.0,
      "rec": 0.0,
      "n_pred": 1,
      "null_f1": 0.068,
      "z": -0.2701136197864308,
      "p_ge": 1.0,
      "B": [
        104
      ],
      "natural_count": 0
    },
    "epiplexity": {
      "f1": 0.0,
      "prec": 0.0,
      "rec": 0.0,
      "n_pred": 1,
      "null_f1": 0.068,
      "z": -0.2701136197864308,
      "p_ge": 1.0,
      "B": [
        104
      ],
      "natural_count": 3
    },
    "erank": {
      "f1": 0.0,
      "prec": 0.0,
      "rec": 0.0,
      "n_pred": 1,
      "null_f1": 0.068,
      "z": -0.2701136197864308,
      "p_ge": 1.0,
      "B": [
        16
      ],
      "natural_count": 2
    },
    "state_entropy": {
      "f1": 0.0,
      "prec": 0.0,
      "rec": 0.0,
      "n_pred": 1,
      "null_f1": 0.068,
      "z": -0.2701136197864308,
      "p_ge": 1.0,
      "B": [
        416
      ],
      "natural_count": 5
    },
    "nuclear": {
      "f1": 0.0,
      "prec": 0.0,
      "rec": 0.0,
      "n_pred": 1,
      "null_f1": 0.068,
      "z": -0.2701136197864308,
      "p_ge": 1.0,
      "B": [
        16
      ],
      "natural_count": 4
    },
    "participation": {
      "f1": 0.0,
      "prec": 0.0,
      "rec": 0.0,
      "n_pred": 1,
      "null_f1": 0.068,
      "z": -0.2701136197864308,
      "p_ge": 1.0,
      "B": [
        16
      ],
      "natural_count": 3
    },
    "numrank": {
      "f1": 0.0,
      "prec": 0.0,
      "rec": 0.0,
      "n_pred": 1,
      "null_f1": 0.068,
      "z": -0.2701136197864308,
      "p_ge": 1.0,
      "B": [
        16
      ],
      "natural_count": 5
    }
  },
  "signals": {
    "DLA_frobenius": {
      "kind": "change",
      "values": [
        null,
        0.9003350629257613,
        0.7439486879889106,
        0.7424093064781557,
        0.6953936110312615,
        0.6133089461015334,
        0.6639254256442725,
        0.6073034601300146,
        0.558083096418912,
        0.5526290926971169,
        0.5588334363875919,
        0.519111241322081,
        0.5128183875239545,
        0.5138925206277033,
        0.49549339413665006,
        0.5074078922499379,
        0.5550892671353277,
        0.5001469318877643,
        0.4966312089815149,
        0.474252433873227,
        0.4861993738406416,
        0.4833844354798486,
        0.43991486477195657,
        0.5160815730868795,
        0.5063634419041426,
        0.4922886342846516,
        0.4691395608467038,
        0.467344696069124,
        0.4697983067489019,
        0.4715711471419138,
        0.45421059971034083,
        0.47904179730459073,
        0.49957218856582153,
        0.4790496400502818,
        0.440668010038864,
        0.4543646449204926,
        0.46043718524315963,
        0.4849864594379951,
        0.42478438064465784,
        0.45353681471275326,
        0.44759775149504893,
        0.4502914636306193,
        0.44270195831346937,
        0.4186028681500999,
        0.4248940858310277,
        0.41119308854509506,
        0.4409083517491645,
        0.4289158959708933,
        0.4340484319077494,
        0.38066848153265886,
        0.3962462359947776,
        0.45860854388911,
        0.4659436019877735,
        0.45051920668663303,
        0.4869805247107153,
        0.4911637492315951,
        0.47042222997500416,
        0.4066680019468438,
        0.43905803023334433,
        0.4196635970567763
      ]
    },
    "surprisal": {
      "kind": "change",
      "values": [
        null,
        16.32718276977539,
        17.511690139770508,
        16.315902709960938,
        17.90692901611328,
        14.9525146484375,
        17.451213836669922,
        16.430810928344727,
        17.491588592529297,
        16.052528381347656,
        17.045249938964844,
        15.657130241394043,
        19.277175903320312,
        15.387107849121094,
        16.78923797607422,
        16.042800903320312,
        16.298460006713867,
        16.132156372070312,
        15.542287826538086,
        15.431888580322266,
        15.136547088623047,
        16.086721420288086,
        13.741125106811523,
        17.040691375732422,
        15.540735244750977,
        15.108526229858398,
        17.401321411132812,
        15.965816497802734,
        16.777074813842773,
        16.140453338623047,
        15.52927017211914,
        15.892753601074219,
        16.12628936767578,
        16.481586456298828,
        15.551654815673828,
        15.842638969421387,
        13.611858367919922,
        17.199020385742188,
        15.895145416259766,
        15.157508850097656,
        15.958354949951172,
        15.99639892578125,
        16.30148696899414,
        16.223154067993164,
        17.584287643432617,
        15.48989486694336,
        16.74083709716797,
        15.16592788696289,
        15.685600280761719,
        16.38235092163086,
        14.967195510864258,
        17.058040618896484,
        16.61675262451172,
        16.44838523864746,
        15.419746398925781,
        14.999835968017578,
        15.011100769042969,
        16.85028839111328,
        17.151443481445312,
        16.694828033447266
      ]
    },
    "epiplexity": {
      "kind": "change",