{
  "meta": {
    "name": "D5_mqar_N160",
    "note": "부하 sweep, GT=질의시작"
  },
  "T": 480,
  "stride": 8,
  "tolerance_w": 16,
  "gt": [
    320
  ],
  "grid": [
    8,
    16,
    24,
    32,
    40,
    48,
    56,
    64,
    72,
    80,
    88,
    96,
    104,
    112,
    120,
    128,
    136,
    144,
    152,
    160,
    168,
    176,
    184,
    192,
    200,
    208,
    216,
    224,
    232,
    240,
    248,
    256,
    264,
    272,
    280,
    288,
    296,
    304,
    312,
    320,
    328,
    336,
    344,
    352,
    360,
    368,
    376,
    384,
    392,
    400,
    408,
    416,
    424,
    432,
    440,
    448,
    456,
    464,
    472,
    480
  ],
  "methods": {
    "fixed": {
      "f1": 0.0,
      "prec": 0.0,
      "rec": 0.0,
      "n_pred": 1,
      "null_f1": 0.068,
      "z": -0.2701136197864308,
      "p_ge": 1.0,
      "B": [
        240
      ]
    },
    "log": {
      "f1": 0.0,
      "prec": 0.0,
      "rec": 0.0,
      "n_pred": 0,
      "null_f1": 0.0,
      "z": 0.0,
      "p_ge": 1.0,
      "B": []
    },
    "DLA_frobenius": {
      "f1": 0.0,
      "prec": 0.0,
      "rec": 0.0,
      "n_pred": 1,
      "null_f1": 0.068,
      "z": -0.2701136197864308,
      "p_ge": 1.0,
      "B": [
        16
      ],
      "natural_count": 5
    },
    "surprisal": {
      "f1": 0.0,
      "prec": 0.0,
      "rec": 0.0,
      "n_pred": 1,
      "null_f1": 0.068,
      "z": -0.2701136197864308,
      "p_ge": 1.0,
      "B": [
        104
      ],
      "natural_count": 0
    },
    "epiplexity": {
      "f1": 0.0,
      "prec": 0.0,
      "rec": 0.0,
      "n_pred": 1,
      "null_f1": 0.068,
      "z": -0.2701136197864308,
      "p_ge": 1.0,
      "B": [
        104
      ],
      "natural_count": 3
    },
    "erank": {
      "f1": 0.0,
      "prec": 0.0,
      "rec": 0.0,
      "n_pred": 1,
      "null_f1": 0.068,
      "z": -0.2701136197864308,
      "p_ge": 1.0,
      "B": [
        16
      ],
      "natural_count": 2
    },
    "state_entropy": {
      "f1": 0.0,
      "prec": 0.0,
      "rec": 0.0,
      "n_pred": 1,
      "null_f1": 0.068,
      "z": -0.2701136197864308,
      "p_ge": 1.0,
      "B": [
        416
      ],
      "natural_count": 5
    },
    "nuclear": {
      "f1": 0.0,
      "prec": 0.0,
      "rec": 0.0,
      "n_pred": 1,
      "null_f1": 0.068,
      "z": -0.2701136197864308,
      "p_ge": 1.0,
      "B": [
        16
      ],
      "natural_count": 4
    },
    "participation": {
      "f1": 0.0,
      "prec": 0.0,
      "rec": 0.0,
      "n_pred": 1,
      "null_f1": 0.068,
      "z": -0.2701136197864308,
      "p_ge": 1.0,
      "B": [
        16
      ],
      "natural_count": 3
    },
    "numrank": {
      "f1": 0.0,
      "prec": 0.0,
      "rec": 0.0,
      "n_pred": 1,
      "null_f1": 0.068,
      "z": -0.2701136197864308,
      "p_ge": 1.0,
      "B": [
        16
      ],
      "natural_count": 5
    }
  }
}