{
  "meta": {
    "name": "D6_niah_toy",
    "note": "수제 다중 needle"
  },
  "T": 540,
  "stride": 8,
  "tolerance_w": 16,
  "gt": [
    82,
    162,
    243,
    323,
    403,
    484
  ],
  "grid": [
    8,
    16,
    24,
    32,
    40,
    48,
    56,
    64,
    72,
    80,
    88,
    96,
    104,
    112,
    120,
    128,
    136,
    144,
    152,
    160,
    168,
    176,
    184,
    192,
    200,
    208,
    216,
    224,
    232,
    240,
    248,
    256,
    264,
    272,
    280,
    288,
    296,
    304,
    312,
    320,
    328,
    336,
    344,
    352,
    360,
    368,
    376,
    384,
    392,
    400,
    408,
    416,
    424,
    432,
    440,
    448,
    456,
    464,
    472,
    480,
    488,
    496,
    504,
    512,
    520,
    528,
    536,
    540
  ],
  "methods": {
    "fixed": {
      "f1": 0.6666666666666666,
      "prec": 0.6666666666666666,
      "rec": 0.6666666666666666,
      "n_pred": 6,
      "null_f1": 0.3333593915343916,
      "z": 1.9603549836793923,
      "p_ge": 0.04,
      "B": [
        77,
        154,
        231,
        309,
        386,
        463
      ]
    },
    "log": {
      "f1": 0.0,
      "prec": 0.0,
      "rec": 0.0,
      "n_pred": 5,
      "null_f1": 0.3082835764406097,
      "z": -1.7243495684028223,
      "p_ge": 1.0,
      "B": [
        9,
        26,
        60,
        129,
        266
      ]
    },
    "DLA_frobenius": {
      "f1": 0.4,
      "prec": 0.5,
      "rec": 0.3333333333333333,
      "n_pred": 6,
      "null_f1": 0.3333593915343916,
      "z": 0.39194838717258,
      "p_ge": 0.375,
      "B": [
        16,
        32,
        48,
        72,
        88,
        160
      ],
      "natural_count": 6
    },
    "surprisal": {
      "f1": 0.8333333333333334,
      "prec": 0.8333333333333334,
      "rec": 0.8333333333333334,
      "n_pred": 6,
      "null_f1": 0.3333593915343916,
      "z": 2.940609106496151,
      "p_ge": 0.003,
      "B": [
        16,
        72,
        160,
        240,
        320,
        400
      ],
      "natural_count": 7
    },
    "epiplexity": {
      "f1": 0.8333333333333334,
      "prec": 0.8333333333333334,
      "rec": 0.8333333333333334,
      "n_pred": 6,
      "null_f1": 0.3333593915343916,
      "z": 2.940609106496151,
      "p_ge": 0.003,
      "B": [
        16,
        72,
        160,
        240,
        320,
        400
      ],
      "natural_count": 7
    },
    "erank": {
      "f1": 0.8333333333333334,
      "prec": 0.8333333333333334,
      "rec": 0.8333333333333334,
      "n_pred": 6,
      "null_f1": 0.3333593915343916,
      "z": 2.940609106496151,
      "p_ge": 0.003,
      "B": [
        16,
        80,
        160,
        240,
        320,
        400
      ],
      "natural_count": 4
    },
    "state_entropy": {
      "f1": 0.9090909090909091,
      "prec": 1.0,
      "rec": 0.8333333333333334,
      "n_pred": 6,
      "null_f1": 0.3333593915343916,
      "z": 3.386179162321949,
      "p_ge": 0.0,
      "B": [
        72,
        88,
        248,
        328,
        400,
        488
      ],
      "natural_count": 10
    },
    "nuclear": {
      "f1": 0.8333333333333334,
      "prec": 0.8333333333333334,
      "rec": 0.8333333333333334,
      "n_pred": 6,
      "null_f1": 0.3333593915343916,
      "z": 2.940609106496151,
      "p_ge": 0.003,
      "B": [
        16,
        80,
        160,
        240,
        320,
        400
      ],
      "natural_count": 7
    },
    "participation": {
      "f1": 0.8333333333333334,
      "prec": 0.8333333333333334,
      "rec": 0.8333333333333334,
      "n_pred": 6,
      "null_f1": 0.3333593915343916,
      "z": 2.940609106496151,
      "p_ge": 0.003,
      "B": [
        16,
        80,
        160,
        240,
        320,
        400
      ],
      "natural_count": 6
    },
    "numrank": {
      "f1": 0.5,
      "prec": 0.5,
      "rec": 0.5,
      "n_pred": 6,
      "null_f1": 0.3333593915343916,
      "z": 0.9801008608626346,
      "p_ge": 0.264,
      "B": [
        16,
        32,
        80,
        160,
        240,
        536
      ],
      "natural_count": 6
    }
  },
  "signals": {
    "DLA_frobenius": {
      "kind": "change",
      "values": [
        null,
        0.8993511993720393,
        0.7567820216090457,
        0.5904576650955852,
        0.5556130080726592,
        0.4833953082997648,
        0.4621390224197105,
        0.42225299742183764,
        0.6674898336957045,
        0.6180233594460002,
        0.6334607258193867,
        0.4331476736608913,
        0.4107154424475308,
        0.3518386918743699,
        0.3499606786180495,
        0.33031820774370446,
        0.3235394883881672,
        0.31349187025828795,
        0.4823880459693088,
        0.5119913978190498,
        0.5094435517910798,
        0.3401497544898646,
        0.3265167518219427,
        0.2878747581294497,
        0.2925290921333233,
        0.2817486450505239,
        0.2796507614762029,
        0.2753122819726319,
        0.4253801540546441,
        0.46481704834563187,
        0.46514715664125894,
        0.298860070296069,
        0.2871257594780278,
        0.25286268394658445,
        0.26047556350229323,
        0.2506453352712397,
        0.25130128852357275,
        0.24800912069673767,
        0.37763457739416567,
        0.467757606943565,
        0.443559015065897,
        0.28810132899685137,
        0.27712267439640603,
        0.243702276833636,
        0.2500257806261211,
        0.2409303758738025,
        0.24274953361532717,
        0.2396086019946556,
        0.36624124851431256,
        0.45080115182305985,
        0.43082643973616147,
        0.2763469280862794,
        0.2665088401184392,
        0.23638405483256034,
        0.2419850824674685,
        0.23393884731586873,
        0.23575414774064635,
        0.2327904772464904,
        0.3567288822378431,
        0.4311829073065558,
        0.41427765840995506,
        0.2721722705794655,
        0.26052454400766695,
        0.23224095335118553,
        0.23963039840940156,
        0.23103747884311085,
        0.4480003067771383,
        0.3986254118713575
      ]
    },
    "surprisal": {
      "kind": "change",