{
  "meta": {
    "name": "D6_niah_toy",
    "note": "수제 다중 needle"
  },
  "T": 540,
  "stride": 8,
  "tolerance_w": 16,
  "gt": [
    82,
    162,
    243,
    323,
    403,
    484
  ],
  "grid": [
    8,
    16,
    24,
    32,
    40,
    48,
    56,
    64,
    72,
    80,
    88,
    96,
    104,
    112,
    120,
    128,
    136,
    144,
    152,
    160,
    168,
    176,
    184,
    192,
    200,
    208,
    216,
    224,
    232,
    240,
    248,
    256,
    264,
    272,
    280,
    288,
    296,
    304,
    312,
    320,
    328,
    336,
    344,
    352,
    360,
    368,
    376,
    384,
    392,
    400,
    408,
    416,
    424,
    432,
    440,
    448,
    456,
    464,
    472,
    480,
    488,
    496,
    504,
    512,
    520,
    528,
    536,
    540
  ],
  "methods": {
    "fixed": {
      "f1": 0.6666666666666666,
      "prec": 0.6666666666666666,
      "rec": 0.6666666666666666,
      "n_pred": 6,
      "null_f1": 0.3333593915343916,
      "z": 1.9603549836793923,
      "p_ge": 0.04,
      "B": [
        77,
        154,
        231,
        309,
        386,
        463
      ]
    },
    "log": {
      "f1": 0.0,
      "prec": 0.0,
      "rec": 0.0,
      "n_pred": 5,
      "null_f1": 0.3082835764406097,
      "z": -1.7243495684028223,
      "p_ge": 1.0,
      "B": [
        9,
        26,
        60,
        129,
        266
      ]
    },
    "DLA_frobenius": {
      "f1": 0.4,
      "prec": 0.5,
      "rec": 0.3333333333333333,
      "n_pred": 6,
      "null_f1": 0.3333593915343916,
      "z": 0.39194838717258,
      "p_ge": 0.375,
      "B": [
        16,
        32,
        48,
        72,
        88,
        160
      ],
      "natural_count": 6
    },
    "surprisal": {
      "f1": 0.8333333333333334,
      "prec": 0.8333333333333334,
      "rec": 0.8333333333333334,
      "n_pred": 6,
      "null_f1": 0.3333593915343916,
      "z": 2.940609106496151,
      "p_ge": 0.003,
      "B": [
        16,
        72,
        160,
        240,
        320,
        400
      ],
      "natural_count": 7
    },
    "epiplexity": {
      "f1": 0.8333333333333334,
      "prec": 0.8333333333333334,
      "rec": 0.8333333333333334,
      "n_pred": 6,
      "null_f1": 0.3333593915343916,
      "z": 2.940609106496151,
      "p_ge": 0.003,
      "B": [
        16,
        72,
        160,
        240,
        320,
        400
      ],
      "natural_count": 7
    },
    "erank": {
      "f1": 0.8333333333333334,
      "prec": 0.8333333333333334,
      "rec": 0.8333333333333334,
      "n_pred": 6,
      "null_f1": 0.3333593915343916,
      "z": 2.940609106496151,
      "p_ge": 0.003,
      "B": [
        16,
        80,
        160,
        240,
        320,
        400
      ],
      "natural_count": 4
    },
    "state_entropy": {
      "f1": 0.9090909090909091,
      "prec": 1.0,
      "rec": 0.8333333333333334,
      "n_pred": 6,
      "null_f1": 0.3333593915343916,
      "z": 3.386179162321949,
      "p_ge": 0.0,
      "B": [
        72,
        88,
        248,
        328,
        400,
        488
      ],
      "natural_count": 10
    },
    "nuclear": {
      "f1": 0.8333333333333334,
      "prec": 0.8333333333333334,
      "rec": 0.8333333333333334,
      "n_pred": 6,
      "null_f1": 0.3333593915343916,
      "z": 2.940609106496151,
      "p_ge": 0.003,
      "B": [
        16,
        80,
        160,
        240,
        320,
        400
      ],
      "natural_count": 7
    },
    "participation": {
      "f1": 0.8333333333333334,
      "prec": 0.8333333333333334,
      "rec": 0.8333333333333334,
      "n_pred": 6,
      "null_f1": 0.3333593915343916,
      "z": 2.940609106496151,
      "p_ge": 0.003,
      "B": [
        16,
        80,
        160,
        240,
        320,
        400
      ],
      "natural_count": 6
    },
    "numrank": {
      "f1": 0.5,
      "prec": 0.5,
      "rec": 0.5,
      "n_pred": 6,
      "null_f1": 0.3333593915343916,
      "z": 0.9801008608626346,
      "p_ge": 0.264,
      "B": [
        16,
        32,
        80,
        160,
        240,
        536
      ],
      "natural_count": 6
    }
  }
}