{
  "meta": {
    "name": "D7_mk_niah_ruler",
    "note": "lm-eval-harness RULER multikey_1 동일",
    "num_haystack": 1000,
    "n_needles": 4,
    "answers": [
      "8707870"
    ],
    "query": "amused-resource",
    "n_tokens": 1522
  },
  "T": 1522,
  "stride": 8,
  "tolerance_w": 16,
  "gt": [
    212,
    670,
    888,
    1306
  ],
  "grid": [
    8,
    16,
    24,
    32,
    40,
    48,
    56,
    64,
    72,
    80,
    88,
    96,
    104,
    112,
    120,
    128,
    136,
    144,
    152,
    160,
    168,
    176,
    184,
    192,
    200,
    208,
    216,
    224,
    232,
    240,
    248,
    256,
    264,
    272,
    280,
    288,
    296,
    304,
    312,
    320,
    328,
    336,
    344,
    352,
    360,
    368,
    376,
    384,
    392,
    400,
    408,
    416,
    424,
    432,
    440,
    448,
    456,
    464,
    472,
    480,
    488,
    496,
    504,
    512,
    520,
    528,
    536,
    544,
    552,
    560,
    568,
    576,
    584,
    592,
    600,
    608,
    616,
    624,
    632,
    640,
    648,
    656,
    664,
    672,
    680,
    688,
    696,
    704,
    712,
    720,
    728,
    736,
    744,
    752,
    760,
    768,
    776,
    784,
    792,
    800,
    808,
    816,
    824,
    832,
    840,
    848,
    856,
    864,
    872,
    880,
    888,
    896,
    904,
    912,
    920,
    928,
    936,
    944,
    952,
    960,
    968,
    976,
    984,
    992,
    1000,
    1008,
    1016,
    1024,
    1032,
    1040,
    1048,
    1056,
    1064,
    1072,
    1080,
    1088,
    1096,
    1104,
    1112,
    1120,
    1128,
    1136,
    1144,
    1152,
    1160,
    1168,
    1176,
    1184,
    1192,
    1200,
    1208,
    1216,
    1224,
    1232,
    1240,
    1248,
    1256,
    1264,
    1272,
    1280,
    1288,
    1296,
    1304,
    1312,
    1320,
    1328,
    1336,
    1344,
    1352,
    1360,
    1368,
    1376,
    1384,
    1392,
    1400,
    1408,
    1416,
    1424,
    1432,
    1440,
    1448,
    1456,
    1464,
    1472,
    1480,
    1488,
    1496,
    1504,
    1512,
    1520,
    1522
  ],
  "methods": {
    "fixed": {
      "f1": 0.0,
      "prec": 0.0,
      "rec": 0.0,
      "n_pred": 4,
      "null_f1": 0.08843333333333334,
      "z": -0.6295185217041107,
      "p_ge": 1.0,
      "B": [
        304,
        609,
        913,
        1218
      ]
    },
    "log": {
      "f1": 0.0,
      "prec": 0.0,
      "rec": 0.0,
      "n_pred": 3,
      "null_f1": 0.07859740259740261,
      "z": -0.5515021888480511,
      "p_ge": 1.0,
      "B": [
        101,
        304,
        710
      ]
    },
    "DLA_frobenius": {
      "f1": 0.0,
      "prec": 0.0,
      "rec": 0.0,
      "n_pred": 4,
      "null_f1": 0.08843333333333334,
      "z": -0.6295185217041107,
      "p_ge": 1.0,
      "B": [
        16,
        32,
        48,
        168
      ],
      "natural_count": 9
    },
    "surprisal": {
      "f1": 0.25,
      "prec": 0.25,
      "rec": 0.25,
      "n_pred": 4,
      "null_f1": 0.08843333333333334,
      "z": 1.1501229833018562,
      "p_ge": 0.311,
      "B": [
        224,
        432,
        1288,
        1336
      ],
      "natural_count": 12
    },
    "epiplexity": {
      "f1": 0.25,
      "prec": 0.25,
      "rec": 0.25,
      "n_pred": 4,
      "null_f1": 0.08843333333333334,
      "z": 1.1501229833018562,
      "p_ge": 0.311,
      "B": [
        224,
        432,
        936,
        1520
      ],
      "natural_count": 15
    },
    "erank": {
      "f1": 0.0,
      "prec": 0.0,
      "rec": 0.0,
      "n_pred": 4,
      "null_f1": 0.08843333333333334,
      "z": -0.6295185217041107,
      "p_ge": 1.0,
      "B": [
        16,
        440,
        488,
        1464
      ],
      "natural_count": 16
    },
    "state_entropy": {
      "f1": 0.0,
      "prec": 0.0,
      "rec": 0.0,
      "n_pred": 4,
      "null_f1": 0.08843333333333334,
      "z": -0.6295185217041107,
      "p_ge": 1.0,
      "B": [
        536,
        792,
        808,
        1264
      ],
      "natural_count": 21
    },
    "nuclear": {
      "f1": 0.0,
      "prec": 0.0,
      "rec": 0.0,
      "n_pred": 4,
      "null_f1": 0.08843333333333334,
      "z": -0.6295185217041107,
      "p_ge": 1.0,
      "B": [
        16,
        488,
        792,
        1512
      ],
      "natural_count": 13
    },
    "participation": {
      "f1": 0.0,
      "prec": 0.0,
      "rec": 0.0,
      "n_pred": 4,
      "null_f1": 0.08843333333333334,
      "z": -0.6295185217041107,
      "p_ge": 1.0,
      "B": [
        16,
        440,
        488,
        792
      ],
      "natural_count": 17
    },
    "numrank": {
      "f1": 0.0,
      "prec": 0.0,
      "rec": 0.0,
      "n_pred": 4,
      "null_f1": 0.08843333333333334,
      "z": -0.6295185217041107,
      "p_ge": 1.0,
      "B": [
        16,
        488,
        1224,
        1464
      ],
      "natural_count": 11
    }
  }
}