{
  "D2": {
    "fixed": {
      "f1": 1.0,
      "z": 0.9178576938793628
    },
    "log": {
      "f1": 0.45945945945945943,
      "z": -2.993894404793128
    },
    "DLA_frobenius": {
      "f1": 1.0,
      "z": 2.6082708436239828
    },
    "surprisal": {
      "f1": 1.0,
      "z": 2.812654930842489
    },
    "epiplexity": {
      "f1": 1.0,
      "z": 2.812654930842489
    },
    "erank": {
      "f1": 1.0,
      "z": 2.6082708436239828
    },
    "state_entropy": {
      "f1": 1.0,
      "z": 2.6082708436239828
    },
    "nuclear": {
      "f1": 1.0,
      "z": 2.6082708436239828
    },
    "participation": {
      "f1": 1.0,
      "z": 2.4725809882668375
    },
    "numrank": {
      "f1": 1.0,
      "z": 2.374033935415252
    }
  },
  "D3": {
    "fixed": {
      "f1": 0.5,
      "z": 1.6203715193888342
    },
    "log": {
      "f1": 0.6666666666666666,
      "z": 2.55319337625902
    },
    "DLA_frobenius": {
      "f1": 0.0,
      "z": -0.5653814294270392
    },
    "surprisal": {
      "f1": 0.5,
      "z": 1.6203715193888342
    },
    "epiplexity": {
      "f1": 0.5,
      "z": 1.6203715193888342
    },
    "erank": {
      "f1": 0.0,
      "z": -0.5653814294270392
    },
    "state_entropy": {
      "f1": 0.0,
      "z": -0.5653814294270392
    },
    "nuclear": {
      "f1": 0.0,
      "z": -0.5653814294270392
    },
    "participation": {
      "f1": 0.0,
      "z": -0.5653814294270392
    },
    "numrank": {
      "f1": 0.5,
      "z": 1.6203715193888342
    }
  },
  "D4": {
    "fixed": {
      "f1": 1.0,
      "z": 3.795515787122839
    },
    "log": {
      "f1": 0.6666666666666666,
      "z": 2.5098345609609223
    },
    "DLA_frobenius": {
      "f1": 0.0,
      "z": -0.5571399320547286
    },
    "surprisal": {
      "f1": 0.5,
      "z": 1.619187927534055
    },
    "epiplexity": {
      "f1": 1.0,
      "z": 3.795515787122839
    },
    "erank": {
      "f1": 0.0,
      "z": -0.5571399320547286
    },
    "state_entropy": {
      "f1": 0.0,
      "z": -0.5571399320547286
    },
    "nuclear": {
      "f1": 0.0,
      "z": -0.5571399320547286
    },
    "participation": {
      "f1": 0.0,
      "z": -0.5571399320547286
    },
    "numrank": {
      "f1": 0.0,
      "z": -0.5571399320547286
    }
  },
  "D5": {
    "fixed": {
      "f1": 0.0,
      "z": -0.2701136197864308
    },
    "log": {
      "f1": 0.0,
      "z": 0.0
    },
    "DLA_frobenius": {
      "f1": 0.0,
      "z": -0.2701136197864308
    },
    "surprisal": {
      "f1": 0.0,
      "z": -0.2701136197864308
    },
    "epiplexity": {
      "f1": 0.0,
      "z": -0.2701136197864308
    },
    "erank": {
      "f1": 0.0,
      "z": -0.2701136197864308
    },
    "state_entropy": {
      "f1": 0.0,
      "z": -0.2701136197864308
    },
    "nuclear": {
      "f1": 0.0,
      "z": -0.2701136197864308
    },
    "participation": {
      "f1": 0.0,
      "z": -0.2701136197864308
    },
    "numrank": {
      "f1": 0.0,
      "z": -0.2701136197864308
    }
  },
  "D6": {
    "fixed": {
      "f1": 0.6666666666666666,
      "z": 1.9603549836793923
    },
    "log": {
      "f1": 0.0,
      "z": -1.7243495684028223
    },
    "DLA_frobenius": {
      "f1": 0.4,
      "z": 0.39194838717258
    },
    "surprisal": {
      "f1": 0.8333333333333334,
      "z": 2.940609106496151
    },
    "epiplexity": {
      "f1": 0.8333333333333334,
      "z": 2.940609106496151
    },
    "erank": {
      "f1": 0.8333333333333334,
      "z": 2.940609106496151
    },
    "state_entropy": {
      "f1": 0.9090909090909091,
      "z": 3.386179162321949
    },
    "nuclear": {
      "f1": 0.8333333333333334,
      "z": 2.940609106496151
    },
    "participation": {
      "f1": 0.8333333333333334,
      "z": 2.940609106496151
    },
    "numrank": {
      "f1": 0.5,
      "z": 0.9801008608626346
    }
  }
}