{
  "D7": {
    "fixed": {
      "f1": 0.0,
      "z": -0.6295185217041107
    },
    "log": {
      "f1": 0.0,
      "z": -0.5515021888480511
    },
    "DLA_frobenius": {
      "f1": 0.0,
      "z": -0.6295185217041107
    },
    "surprisal": {
      "f1": 0.25,
      "z": 1.1501229833018562
    },
    "epiplexity": {
      "f1": 0.25,
      "z": 1.1501229833018562
    },
    "erank": {
      "f1": 0.0,
      "z": -0.6295185217041107
    },
    "state_entropy": {
      "f1": 0.0,
      "z": -0.6295185217041107
    },
    "nuclear": {
      "f1": 0.0,
      "z": -0.6295185217041107
    },
    "participation": {
      "f1": 0.0,
      "z": -0.6295185217041107
    },
    "numrank": {
      "f1": 0.0,
      "z": -0.6295185217041107
    }
  }
}